{"version":28,"hash":{"type":"Buffer","data":"cDklbmFLkngoIrJP8RSEXmv78t7Kfbs6aPLkYyLhHXgE1j1LnBvGqfqnA9Tflc1rai1bbsPudJdr1Y/KubeYQvDM6veqe4p1605S9DgR61y2Gt2ll0XMhY/dShjeM2IzspayeGp409PAdyq7E+y8dxK/UfS07zqX6QhweHvnRQs="},"indexValueMap":{"G+iSK2sJ5pzZP4UeCSjRGjuhK5SmPLJFlWEDiFFN4Is=":{"valueMac":{"type":"Buffer","data":"xOowOsKnkiDUsNwkuOC33zyuTNWJ+RiVrdGA5EaD/64="}},"SfnPJA5Ofz5wIoogxhfpGAhrRjMP1HtE7yZmfSWQNLM=":{"valueMac":{"type":"Buffer","data":"CVKhzBmeD+FVVgTniqWgSQZK1mLH7+u5HK214sF9Ebg="}},"RwAV+tMEdiYx3DyNrHa5M4nlXNJzYT/KQ6wqNuh2Zyk=":{"valueMac":{"type":"Buffer","data":"4dQxBjJWgO8K9hc/VicPt7kfTuHU+MmCmsm0Q91i33Y="}},"iwXxsAoyA/FwxzwaBvDb4Ali1jQ5yBk6fsKnJcbs2UY=":{"valueMac":{"type":"Buffer","data":"ZaTwcvtrCCCF8kFMvN/yeHN93B1bnzze7iIcaAWAaz4="}},"088SCIoqP2P1dgTdxBGy0ErK3ZikfM/qnqMCQUzK1mk=":{"valueMac":{"type":"Buffer","data":"+T1WR5QpcOmWVNZIYmr+Nmhk9ufV3aZg/ZJWTbVv3WY="}},"/0vPcLyv1lnqHPOEH0YD9cCrRYCGGJxzsE29p7DUsx0=":{"valueMac":{"type":"Buffer","data":"Wk/+Jp9eofyUKhhM31uK8eSRGcXTwxxNO9tWah279NE="}},"a22cNaq+cODqoT78cOQbFt2ApT2Vp12iP42dV/XuyC4=":{"valueMac":{"type":"Buffer","data":"PCgORHctfaVukoIdcAA7nepfV5SmYMcjang+GRsyk14="}},"XOzicC3eVx/mYfHya697fQm8iKVRB1Q/dHQPR6i2YCs=":{"valueMac":{"type":"Buffer","data":"chM7tkXSktlc93K0ab5aUmZiFuY7+xgSEukh6MyOtgg="}},"9HZvK3Fp6BbkBE8ek5KEivZ4G7m8Gz9mOGK8vWZBXBo=":{"valueMac":{"type":"Buffer","data":"p3bDIqEIEn02ehO6j1Ci5p1pAn2o7XppeTefmL+Gnsk="}},"H7ba0owovqbbdvFgnqAGPFa9540Q72KLrva0zKKJ6io=":{"valueMac":{"type":"Buffer","data":"0bxTK4Sz19ejfcsctenbABA2fjfOlagokpOabR1XUcQ="}},"F5M+o9a6zmrLfaKo5io/uHX1GDypTqTxTlpgDXF9v0M=":{"valueMac":{"type":"Buffer","data":"P82obBZ1FQB6YD9KLtrXlRJXpgKm6JxUI+WFKyxT8XQ="}},"BHfvbO5L7VMoU0M2cvqjvDZF/ALPgfRFDb7hlWHxELs=":{"valueMac":{"type":"Buffer","data":"wuxhiqTG/E0AwgUuPv7W24ST3lvU3bVSMwuxWo4GYsM="}}}}