{"version":7,"hash":{"type":"Buffer","data":"xuvD+sllHyw6ETF3efMo8EZnupxgbjgT+oFWUrrVTaeYBsGh5qUbYUxmj1jUwHGwt8+PcGw1EeO2wd5sAq09nhE5vWY7udNT/an/m7xxcT5DFj04cNSHnF0UdISbSF535n4qcSJcK+mmccnrQ232ZqM+YwKqrIrPxc1maMxXh68="},"indexValueMap":{"Al9djZxx95UnBdVUc1RqPJsOx9sOkfLw20/zcnrDNXs=":{"valueMac":{"type":"Buffer","data":"r/qbHrt4FDVDQtpDet67R6H0nHrdepwpSiLJtl1+X4U="}},"UoVz5vgm6/sTQ5Jot6ZbxQt688LIxerWYnyfJ6AdDMw=":{"valueMac":{"type":"Buffer","data":"AefE1RTXJkI1IMl8YXfyVsHazVJSdbkr6SB7r7odnMw="}},"Fh3rYsx55wh1rUYbisqAd+cZMEEkAS4SRwFjUSBYqE8=":{"valueMac":{"type":"Buffer","data":"E8+5clrO67fwcweeaKz1N1MPeHV1ha7vj7/Iic/LnVA="}},"TcI/H28HNWIzc2aMKZ5RpFFb97JnhnwHe7pWShMjpE8=":{"valueMac":{"type":"Buffer","data":"7AxgVzC8/YSweBwzL9jpGVZQxdfEYpLRjlQk39ADFoE="}}}}