{"version":8,"hash":{"type":"Buffer","data":"4TJAZ75lopfywsXZ5jMqrWLWB/TQ5sOoZN9p6+L3Iw9qPpnQR2QjwM0w6uRBdmAtFXEOmU/E4QZTrWQeAXV45i3hK3a0U2BKyTBI2Mv9GdIJi8543+Py4vrLsQUIAuffKXSxBxQrHV9GaUIYqA0sWHmZ5bWkA28Ydu1Lx9r4OtM="},"indexValueMap":{"CtfzZd551MSdgEtTSV6iSeFF0hTJFa5+ZyDX6vnGHNQ=":{"valueMac":{"type":"Buffer","data":"RBJ2PUyxopClO9Qhjv/PYIQwET37KGdxvj753+ieFWY="}},"DKqRY9dqZKR4qEnDWunqVJPPaYVKzkS5+1NCYkTfHm8=":{"valueMac":{"type":"Buffer","data":"WEQ+o0TsVqApaw7KLSQt1OnGSUEA6wpJrT6Ti3RO69w="}},"FeedUfn+8F1lNMov1DjQRJoV1qSSElaFG4ulLvPz8Fg=":{"valueMac":{"type":"Buffer","data":"hizblNpHi9gf2xiucMF61WQJMmbpUqV7plyOPxt17g8="}},"JiHBa8Rrf1hFv2LDKFO5atMSownPJ0fY2A4jyBXMLcQ=":{"valueMac":{"type":"Buffer","data":"lHsfwquv4esiWXVvGjBLMCCWDRdMSufBD3cYh8lbP1k="}},"JnGHU2ZovM6ebUQJJEjlcaCHiGNqXrrpu79F8gBs79s=":{"valueMac":{"type":"Buffer","data":"z++mXFJuEfds7eyNaO2xEtYbewwkhdgsWyLyEe0f1Yg="}},"NmxGN34n+XS0X0oXED8kFM53QIlqxAGx1XnROCOGiNg=":{"valueMac":{"type":"Buffer","data":"/tXfPDWJECH3FV1Ei3iP0V+QVKlmTgVv3UzCJ+7AiRo="}},"OqbxRmOoTdatsH5/ecC/jfUjjvKZhR8CobH4UmyfNkk=":{"valueMac":{"type":"Buffer","data":"jGFgkYr4ir/Xr/b9+/zM+l7ab8o2AdGZJcDU3+Yr9oc="}},"PPwwN81rXdMoeHjmmvjh7uUg4KLB1YL9pI+tr2N5Lhs=":{"valueMac":{"type":"Buffer","data":"EIvmOESd9Cnvme58CSeSdVstz7Ll8EhPY6OxneiuEvs="}},"SDxR4mXI4lHLkuzvadiUav9A/yJTklXa620yZyQi42s=":{"valueMac":{"type":"Buffer","data":"f8Rjk+gLwy18d1+qC1Hxq+NRj/zNomggsRURIlUmAyc="}},"Y8Hual53BtPuZ6ZcemmYxxSZinU2qfVO6/5s4f7omqo=":{"valueMac":{"type":"Buffer","data":"IRquEUUklhoRAWtC3hNJFbJ7NXDoD8G8+S8MWQM0wvc="}},"ehVXLTPUtRtgJwtS7VdDc9mxB/4CssrBslAXSCrGm4s=":{"valueMac":{"type":"Buffer","data":"hUWKhKwxu060vk9SROuUDTPnzzpcifp+f9NKNqo7/F4="}},"iozil0vUhSqZtley+6H4J7Y1jMe/JpuhKoTJ7MyTVyk=":{"valueMac":{"type":"Buffer","data":"gvHiJa37KjmVk0MBLpHaomnQr2tyj9pReZHfBAP7qK0="}},"mHrxAa1ATwsi6FgcYj9XYIuZLv7TtdZRGfEHA0nw3bU=":{"valueMac":{"type":"Buffer","data":"Mw9SH0mXXF5FPDznMmXmH114ECOJruVxX+cmfA53mYA="}},"mqF927dYIN1GHnGBJsgB2Jov5xonDpu6X6+eLVbTKZA=":{"valueMac":{"type":"Buffer","data":"eoeGUDa8KHFo6p5gEcXtXo1WRU3cNKl6Okwgawz00DU="}},"rKDd3WCCOyZJE0MzaJLoEA2aNBg+mQ7ndn2v6hRselE=":{"valueMac":{"type":"Buffer","data":"BuixyoaKS7+oHDTpSlYDtsbw2jZAff+ivhfaKIJQgz8="}},"sv/0vdnw3ksBUx5/CpGlSe87vkBvNmnXuH646ryK0gM=":{"valueMac":{"type":"Buffer","data":"QlLle26wQtgp11AwFviUlfWKbDCFbObzz6VZ3bxFgaA="}},"zsZOaPZrxHA6k77wGsLZCKclCuATy6Nj6qwx5yvGnQ0=":{"valueMac":{"type":"Buffer","data":"FbC1DczQ6lnVM7DXV0iI8ZFfVGTmOGeL4hcY3t4HWT4="}},"0/OQHPoheDriNMcIMaSUUKO+mMItjac2ySoTzkrHxqk=":{"valueMac":{"type":"Buffer","data":"Gdf3ea9GMmUbJwHGOvVPZuv1qyY50ZssT6pf0npdJQg="}},"3iTNfZB6c+L6b5+zbySX5oJL0GXS00g9+v773kqhpPs=":{"valueMac":{"type":"Buffer","data":"JxM+4izBI8seB1fZtZFtvNoSFSMNC8R2BbmbqCumDhE="}},"7HuLe5dXB4YEFTygrFYKd9fsqg+9pHnfwZG5C642kBE=":{"valueMac":{"type":"Buffer","data":"xfXLe8w+ZkoH0SmbiPBUEmY0GjRrH38vISbdi4t+tWA="}},"/DK6CkghqOBx8FTwqxLNUvrp77imXJejrmpCLJpVzoc=":{"valueMac":{"type":"Buffer","data":"ByG0DVZwSHJ3RX7IfMjPUBqULGq/TjlGwsKfXBLZw6Q="}},"/fQH7Eis/4hwp9bgTL+AU+szRpwa8XgzU3rzvd1Bm0M=":{"valueMac":{"type":"Buffer","data":"Tw0AKyAsfbBGBNqdOAJ9XWhZlAKgkRxhhMv7J2A1W2s="}},"WTcppnBOkRWBkVrdash2RKxKpewz7ZyVaxHqdboKnFM=":{"valueMac":{"type":"Buffer","data":"Uv6KnamA8m68mUjE1ZVCqQ2nVdkh+xNzQMkYJfLqqQI="}},"OGkdP7dzQXHCnIvHREpc0K4kgtXnIFr2lc5Zk42IS0g=":{"valueMac":{"type":"Buffer","data":"C8PECGc0mbyBhvy3IaKPNNp6zjIUea5aaBlAT45ZimE="}},"DF2SRH8/w+QqVQkvBs/Fys18kI2tXmKg1BZXxE5+TCk=":{"valueMac":{"type":"Buffer","data":"smVv8ggX4S7B9Yh3ERjPa3m0UHmXCvGahaCqM7OQr8U="}},"LXZcnta7Bua2iru2KMxtvadXPsT7vWhRYO2tiIo7G7w=":{"valueMac":{"type":"Buffer","data":"Z7/7grI68cwMGZ3Ku0hN7zmxwMYmqMPTvmSBVzC1r6I="}},"3Ny7Lf7ONfZ2tPaxVL6mzN4PgGDN/4fEM3c6ehEwyOc=":{"valueMac":{"type":"Buffer","data":"IfKcj1HhdA8drsJw22UPcB7RghAtgray3c7pBHMcldA="}}}}