{"noiseKey":{"private":{"type":"Buffer","data":"mDa3B7kSNFMFi2vOtRI/xokNl0b2/91HdIev/lSW2nU="},"public":{"type":"Buffer","data":"NNE0gei+UhTCH1rtDH+e69D2BJKnSCS7ddH3/RDpFyM="}},"pairingEphemeralKeyPair":{"private":{"type":"Buffer","data":"OPSS/aYFG0fq1fj6uf2kzRxoO63jYIRN/XSUHPphRGM="},"public":{"type":"Buffer","data":"K5Km3tjfQNzSePgu7sXeoMwwReoXTJFhfrkp0QDkNTc="}},"signedIdentityKey":{"private":{"type":"Buffer","data":"sMhrEffBDVhzIjnrxmSYOKAN4RM/FEpGIW+bwGfmZnw="},"public":{"type":"Buffer","data":"fsSQvZY5eGc5YqP3HyW+Y09C91dJxWZ4j+Zbwj4IrG4="}},"signedPreKey":{"keyPair":{"private":{"type":"Buffer","data":"OOPsz8EOc2LwfGXupUOF5rQwLQyXpUam0eLj5UX3VXw="},"public":{"type":"Buffer","data":"uFYdtG/mrTPx2Qg46pA5kVp+V64i7pBoJuPC3li22Dw="}},"signature":{"type":"Buffer","data":"iWn5vL72mJQNq+P6rhoes/6Rbaa2BsWcV/XGoMD9j6HW9tT7JYzD6mfVFk9YwcN9WKPVt7NADM6YxW0Tvib1BA=="},"keyId":1},"registrationId":167,"advSecretKey":"U7t1R28bTmYa2gFZxcuOlnOkmio/qgfFPbSjrDP2F2k=","processedHistoryMessages":[{"key":{"remoteJid":"558581590728@s.whatsapp.net","fromMe":true,"id":"4CDD30EAB3FDE94457A6A0A05E8CB08A"},"messageTimestamp":1741985026},{"key":{"remoteJid":"558581590728@s.whatsapp.net","fromMe":true,"id":"EC8795C31785E7AA1093CFDE37DC9EE4"},"messageTimestamp":1741985026},{"key":{"remoteJid":"558581590728@s.whatsapp.net","fromMe":true,"id":"3C589F61756141A48FBCE92D8A97D157"},"messageTimestamp":1741985028},{"key":{"remoteJid":"558581590728@s.whatsapp.net","fromMe":true,"id":"D78F24C01046E65D139FC440A05C64B6"},"messageTimestamp":1741985028}],"nextPreKeyId":211,"firstUnuploadedPreKeyId":211,"accountSyncCounter":1,"accountSettings":{"unarchiveChats":false},"registered":true,"pairingCode":"2FBTAZRR","me":{"id":"558581590728:20@s.whatsapp.net","name":"Vitinho","lid":"158639398625379:20@lid"},"account":{"details":"CIX5tPEDEP6p0r4GGAkgACgA","accountSignatureKey":"nWty3GGXaq7y3Wndfx1BDLChKWopJoU7nY5hzNqTHig=","accountSignature":"y8ut8f5LWwxKGB9jorq6t5y7Hpno40TZhn2DyCUWN36eAgFaVQCwc2oPi0v9bP0stKBNxot4Y6JGszYkh2kBDQ==","deviceSignature":"WUCMycaYEwpfEwELrlmQwxXa/0cnIHBW7PDp5J7QsVTGB0JN6yzNc8zrtFiIZJioW3xNR+vMrpXK7hZ5/9j9BA=="},"signalIdentities":[{"identifier":{"name":"558581590728:20@s.whatsapp.net","deviceId":0},"identifierKey":{"type":"Buffer","data":"BZ1rctxhl2qu8t1p3X8dQQywoSlqKSaFO52OYczakx4o"}}],"platform":"smba","routingInfo":{"type":"Buffer","data":"CAUIDQ=="},"lastAccountSyncTimestamp":1741985428,"lastPropHash":"1K4hH4","myAppStateKeyId":"AAAAADrq"}