{"_sessions":{"BVtBbpftyXLWYLnoW53ZDzOTuaEpYIRAUqwbmlrGBm0/":{"registrationId":1328155863,"currentRatchet":{"ephemeralKeyPair":{"pubKey":"Bbg56LSYaC92sfmjjc5v8AVMQHPTlVjy4fYLhONf5zAG","privKey":"GPKs8kgiBJ65lGKcorTURBX/3XZ8TquZcEnM4k/BJUU="},"lastRemoteEphemeralKey":"Be6snguxu3aGtTrGdpQ78Im5l2TIen/wvXS6B109PyBy","previousCounter":0,"rootKey":"VPf4hTnNLAJQh1OorXoZhdYkE2qXUKQYsAcKMKAJGas="},"indexInfo":{"baseKey":"BVtBbpftyXLWYLnoW53ZDzOTuaEpYIRAUqwbmlrGBm0/","baseKeyType":2,"closed":-1,"used":1741985025972,"created":1741985025972,"remoteIdentityKey":"BZ1rctxhl2qu8t1p3X8dQQywoSlqKSaFO52OYczakx4o"},"_chains":{"Be6snguxu3aGtTrGdpQ78Im5l2TIen/wvXS6B109PyBy":{"chainKey":{"counter":7,"key":"FTLHQ9a66W0tOBZPPWbnkbi9WPI126fRvpZdcaVVyz0="},"chainType":2,"messageKeys":{}},"Bbg56LSYaC92sfmjjc5v8AVMQHPTlVjy4fYLhONf5zAG":{"chainKey":{"counter":61,"key":"zjyfuQcY2xGUFkWuLt18acgfaieND3Kakuj2XD92EKw="},"chainType":1,"messageKeys":{}}}}},"version":"v1"}