{"_sessions":{"BR2E2+3xiuuEI1DY4Srp5VpzrSr16PZyWsxEzlNaEDdp":{"registrationId":1915345878,"currentRatchet":{"ephemeralKeyPair":{"pubKey":"BSr/LtLr6qwyJbxuiZV6PTaCvNNEElGOVfpXROtV1ldJ","privKey":"SFUKzPKAvgU8IClw1S2Tbb8m/PMDgM1H5Fm9mI3cR2Q="},"lastRemoteEphemeralKey":"Bf9GOAzM29bAcxYy1H2HOcc0dS9hFrg+cyVLq+kGP78E","previousCounter":0,"rootKey":"LgLOzLxtcs6LZR8XtoZsYnzwfhfX4xNzbddEk75jSQM="},"indexInfo":{"baseKey":"BR2E2+3xiuuEI1DY4Srp5VpzrSr16PZyWsxEzlNaEDdp","baseKeyType":2,"closed":-1,"used":1741997427091,"created":1741997427091,"remoteIdentityKey":"BWFjK7GZ3BsqYV9kJLcxly+IRnh6fwKMS7lFUfuMIo0e"},"_chains":{"Bf9GOAzM29bAcxYy1H2HOcc0dS9hFrg+cyVLq+kGP78E":{"chainKey":{"counter":0,"key":"0OfZgh4M1aCUECuBd9VAKDMuTZONulcYMwh1cRFP0K8="},"chainType":2,"messageKeys":{}},"BSr/LtLr6qwyJbxuiZV6PTaCvNNEElGOVfpXROtV1ldJ":{"chainKey":{"counter":-1,"key":"pV8tssdW5g3Tpx67X6X9729/jgZmyPANnXBdg+EZmLw="},"chainType":1,"messageKeys":{}}}}},"version":"v1"}