{"_sessions":{"BXnghFgwskNJIerOCEB1JDKpPv1OLTw6WQSiko36PWBv":{"registrationId":1989179440,"currentRatchet":{"ephemeralKeyPair":{"pubKey":"BVfsQovJMb63pa65ibwixTDiin82CcMFYJzexWNjRYhX","privKey":"uHFVDbo/NoeTG2ly7ORij1LBPyMqiAuTqa+9L9SqeVE="},"lastRemoteEphemeralKey":"BYEAzpmTZxpown6zhlz1wojMzztgZZZd6l1YJGLxhBhs","previousCounter":0,"rootKey":"AkWOQvfglePx06Vdss9oY3xJ4aCifHnkvYtzBDi4jC4="},"indexInfo":{"baseKey":"BXnghFgwskNJIerOCEB1JDKpPv1OLTw6WQSiko36PWBv","baseKeyType":1,"closed":-1,"used":1741985123853,"created":1741985123853,"remoteIdentityKey":"BbLXckedtwG1oirtinj7rQL07WsW6MNPetrP9JJ9Bv10"},"_chains":{"BVfsQovJMb63pa65ibwixTDiin82CcMFYJzexWNjRYhX":{"chainKey":{"counter":61,"key":"zUzeeOzqa7bStoF/iprMQla+S83FpFOJj9iUlDnimR4="},"chainType":1,"messageKeys":{}}},"pendingPreKey":{"signedKeyId":0,"baseKey":"BXnghFgwskNJIerOCEB1JDKpPv1OLTw6WQSiko36PWBv","preKeyId":10968119}}},"version":"v1"}