{"_sessions":{"BdD+dJmXxWejKxIBRLGhM2b62rqLM1Lncikh9/bficlp":{"registrationId":242,"currentRatchet":{"ephemeralKeyPair":{"pubKey":"BZ9i6G44WURJt0pRkUZzL5En3AjCOVYTry6AYJUXVq0W","privKey":"EC2shWyLENLcf19tdE5krZbjnQXOJTElWOpDFXpBNWM="},"lastRemoteEphemeralKey":"BZTs2VkwKYfgkYYggeJSDvys1QbMYX3LhL5B4xNi8cUl","previousCounter":0,"rootKey":"9pUcCBeMwfkCQxKHcshTyX0D2UFqdkDjQ2liTvlxwtg="},"indexInfo":{"baseKey":"BdD+dJmXxWejKxIBRLGhM2b62rqLM1Lncikh9/bficlp","baseKeyType":1,"closed":-1,"used":1741985123855,"created":1741985123855,"remoteIdentityKey":"BW+asuSDUAsdjC0JHPCb4X0gNO7ZTUH2c8RHrIKYjgwm"},"_chains":{"BZ9i6G44WURJt0pRkUZzL5En3AjCOVYTry6AYJUXVq0W":{"chainKey":{"counter":61,"key":"rt19uVqF0ztH/FB+cm1x51GEKeI5uc5ct2RCdXHEqHA="},"chainType":1,"messageKeys":{}}},"pendingPreKey":{"signedKeyId":1,"baseKey":"BdD+dJmXxWejKxIBRLGhM2b62rqLM1Lncikh9/bficlp"}}},"version":"v1"}