{"_sessions":{"BXQHli48dvkc3+kXI/2KjbV3AskN2HgAQO4VynxsfEhA":{"registrationId":1000731886,"currentRatchet":{"ephemeralKeyPair":{"pubKey":"BT0qgTL3/V/h7/7i6NWV+MKv5QQcfRc9DDjPv6GRal8C","privKey":"0OEI7luJbU4nTJIlyfQy3QQV/J+vVzRt55Ai9xmNa3o="},"lastRemoteEphemeralKey":"Baz4/e70MRn52P2NfoRBhrUczHVSymG14PTIWVNplmcj","previousCounter":0,"rootKey":"wcFvVXZZ+eoR2GjbuW+FzTuTjd6XytdV/3EJk1ZvbtE="},"indexInfo":{"baseKey":"BXQHli48dvkc3+kXI/2KjbV3AskN2HgAQO4VynxsfEhA","baseKeyType":2,"closed":-1,"used":1741997568877,"created":1741985123666,"remoteIdentityKey":"BSaOs8+fk4vrtebvzNMggibXrQPbxBRREebxqdMJ/8Vl"},"_chains":{"BccmWjG6I9klqI7l42SSgjqKNo1fbixdPlzIb93gHvxk":{"chainKey":{"counter":0},"chainType":2,"messageKeys":{}},"BewJY1HhThJY/SauRCz2vT1YvJzE0GOj/t2hnxz3vDVl":{"chainKey":{"counter":0},"chainType":2,"messageKeys":{}},"BUj7ElVgq3zVmLGGOQO4jatclmxea9d7DGWP8Csr37UV":{"chainKey":{"counter":0},"chainType":2,"messageKeys":{}},"BbkI9s6sz9nWjE5SX65/HHirCKND6FwCbWEPtXNHg+Av":{"chainKey":{"counter":0},"chainType":2,"messageKeys":{}},"BVC28HFIMA/wmdE0kJwo2AcVdph7YiS/GAzrZdfi34Nu":{"chainKey":{"counter":0},"chainType":2,"messageKeys":{}},"BZPsTaLYpFRL1gZWwpIzYnVG5hXMEzd+uoO5+2CRHugT":{"chainKey":{"counter":0},"chainType":2,"messageKeys":{}},"BQUMnnYvsh1WFzi4LPL+XnUwOlHtm6o6OCqofg9rRJEC":{"chainKey":{"counter":0},"chainType":2,"messageKeys":{}},"BcpxN+sMD/vUxebZ5IMy+n9QquKeqkTR8+vaol25EdBa":{"chainKey":{"counter":0},"chainType":2,"messageKeys":{}},"BUD7i5Almplm+pg4EVVfzL8QTCNaLZgxrMEuJZic9nsB":{"chainKey":{"counter":1},"chainType":2,"messageKeys":{}},"Be3KjrKJ3X3ndcYWEG2G0Y9IkhNEy9xyKGaIeYrl5lNn":{"chainKey":{"counter":0},"chainType":2,"messageKeys":{}},"BSqYKwBySWoxGc+CJ140PAS3n78b07+PT8fz2ZExjx0d":{"chainKey":{"counter":0},"chainType":2,"messageKeys":{}},"BWLZr6BoJet+/stji0ChUNy97fz29QN0FNCid0LQGBIP":{"chainKey":{"counter":0},"chainType":2,"messageKeys":{}},"BUXq9hNcYO0QPfbKUrpeR0znZJcSMFturzo72ClIcVpR":{"chainKey":{"counter":0},"chainType":2,"messageKeys":{}},"BaQY8uxzgvqF21QNb6oPA82oZaSOSbr9NVNRNbgfYh9h":{"chainKey":{"counter":0},"chainType":2,"messageKeys":{}},"BVaMEEmkkT1Aok+YiwKVxldXF0Jc+xBPuty1l17hSuM5":{"chainKey":{"counter":3},"chainType":2,"messageKeys":{}},"BQItbFnESNJrkQPI/KbNeOwslWbjAE7Z4wB5arA4DUh3":{"chainKey":{"counter":4},"chainType":2,"messageKeys":{}},"BdMbvqkivS2tB/9igIgJ2zZ6RjdHrguh3lfgo8yyblog":{"chainKey":{"counter":0},"chainType":2,"messageKeys":{}},"Bbs1DgknYZxTJUygXiQWcAnr4Wqt2ueRh6S19KIBGAJQ":{"chainKey":{"counter":0},"chainType":2,"messageKeys":{}},"BTgFEveHgxivosFsrcMHrO9vZmd8hrVI9f5M9u61Z2RW":{"chainKey":{"counter":0},"chainType":2,"messageKeys":{}},"BUsSebNZ0WWso9NVZzh0eA26uW07eBgzGOqERdZNc2Yz":{"chainKey":{"counter":0},"chainType":2,"messageKeys":{}},"Banj37iKCgT7zt9emAqgBOfKi8k0uJMAWAJK0Jt3kbN9":{"chainKey":{"counter":0},"chainType":2,"messageKeys":{}},"Bdvt8phrcWiUrIob2HBIQ1knLyxWEKrWWqSHVZ5PfZt6":{"chainKey":{"counter":0},"chainType":2,"messageKeys":{}},"BaR5+jUcSF2bmnKUv4FtORl+yXuVBTdmC428PqYI2+Zj":{"chainKey":{"counter":0},"chainType":2,"messageKeys":{}},"Be9p4NKL+itbqQgoVu2f+vlpUKvSvhOc+V2yicblVPAN":{"chainKey":{"counter":0},"chainType":2,"messageKeys":{}},"BUaptCodr3XDXbCGkPzQapYFGeYeHTfToJoMMC56qidg":{"chainKey":{"counter":0},"chainType":2,"messageKeys":{}},"BVlnOvOgs/DHBtGDdtg0k6ub/G96XZ7OybsKTGHEy+Zs":{"chainKey":{"counter":0},"chainType":2,"messageKeys":{}},"BTEqfW/GCP8T+I37GhFQqRcXl13E4+iM+90Z1WN+hC5s":{"chainKey":{"counter":0},"chainType":2,"messageKeys":{}},"BYGRLHqmwb2hL8xNfFPceAn30eoG7DUUzkmattjQ+G96":{"chainKey":{"counter":0},"chainType":2,"messageKeys":{}},"BX3Pyrc3aF+AAB4It76aludu8+XFUBSyLbcyCDkLfVlP":{"chainKey":{"counter":0},"chainType":2,"messageKeys":{}},"BZfhgcCkIGkHiZKL6K2rrem/ijX9qeA5nUUX101qcEZ2":{"chainKey":{"counter":0},"chainType":2,"messageKeys":{}},"Bcfk9Nk0mjnTRPJJC+8X+80tKZ1Ma/TlJujpR0589SMP":{"chainKey":{"counter":0},"chainType":2,"messageKeys":{}},"BQxZvBU1qR0giA34LDUEz7afNOAiMh5+T6KDLW+z6M02":{"chainKey":{"counter":0},"chainType":2,"messageKeys":{}},"BSsP6vjdNHQCalFJtuSed3wgF+XONzD10kzG4Nb0qg1o":{"chainKey":{"counter":0},"chainType":2,"messageKeys":{}},"BYR/N9En6SpyfYqgEMX3v5QBgFchP9AKD72Ya7E33m1h":{"chainKey":{"counter":0},"chainType":2,"messageKeys":{}},"BZgLIIvX7N2pPwRfB7s5+k0LBZUkiMlMSGueZiefJH1x":{"chainKey":{"counter":0},"chainType":2,"messageKeys":{}},"BT7eSvcplp3/XalFnx5hC2E06VSnwoixiNUMSbGfHog0":{"chainKey":{"counter":0},"chainType":2,"messageKeys":{}},"BUpVhiT9MnBkSNzXqaVfflLWBmrg95ekQjSN3/ErlExP":{"chainKey":{"counter":0},"chainType":2,"messageKeys":{}},"BdhwmiUmtTQCWyp2bCShIEXUifymjZtOgVWDZTe4P5AF":{"chainKey":{"counter":0},"chainType":2,"messageKeys":{}},"BfHq1dH6t/PiDsZDjlwCwkr87mJGieQxk3PauTmwaH0a":{"chainKey":{"counter":0},"chainType":2,"messageKeys":{}},"BUAPZNkk1Qwom4JJEN/5WFb1vF0XHCflFX8CRncSiTpu":{"chainKey":{"counter":0},"chainType":2,"messageKeys":{}},"BWMvDLOLwnaJY9GnFxun1qJ/+dBK64XXbU1gvR63EE98":{"chainKey":{"counter":0},"chainType":2,"messageKeys":{}},"BfB0uGwc4bvqcKuSMODqoyFJ6+N3CUoU3j6QI7xXTEkF":{"chainKey":{"counter":0},"chainType":2,"messageKeys":{}},"BX0vrzKCWgHFd0RfW4yqR0Pa9FwKBUpiof/S2AmYQ4EO":{"chainKey":{"counter":0},"chainType":2,"messageKeys":{}},"BYhghgeOj67P1dkfkFxk/+fxV7836TxcJW0coH5IY8ZF":{"chainKey":{"counter":0},"chainType":2,"messageKeys":{}},"Baz7GrzfbaqtnW0UZzbhxvaweL0WxQcOWX1SCh6WqypC":{"chainKey":{"counter":0},"chainType":2,"messageKeys":{}},"BWTwx5OiuYj5gPq42nExeb/UBYeuSXXLIo78bhTa1osN":{"chainKey":{"counter":0},"chainType":2,"messageKeys":{}},"BbcqQ2uZvvD60TBoag98Kcg58OzwaTQlKjCmHVagy/I2":{"chainKey":{"counter":1},"chainType":2,"messageKeys":{}},"BSePd2jhzj44gwH5O6Alqt9uy5W7gXh47zf+edBef0E8":{"chainKey":{"counter":0},"chainType":2,"messageKeys":{}},"Bef9Xws01ZBxSr7oDJmIsSsqRNG9LCNj3Z4gp5LU6KQk":{"chainKey":{"counter":0},"chainType":2,"messageKeys":{}},"BS1LbzbCOAppsZCoLa5m4sIJ7YIu6hSRgh/SarmOzhFP":{"chainKey":{"counter":0},"chainType":2,"messageKeys":{}},"BQHPM9/jvtkM7GOilEG9v7FFRXgzAALoJwH2936/DPoh":{"chainKey":{"counter":1},"chainType":2,"messageKeys":{}},"Baz4/e70MRn52P2NfoRBhrUczHVSymG14PTIWVNplmcj":{"chainKey":{"counter":0,"key":"XHxZW71s8lIqyfk6+7RG+17ObqiaH2mgut8G+butJl4="},"chainType":2,"messageKeys":{}},"BT0qgTL3/V/h7/7i6NWV+MKv5QQcfRc9DDjPv6GRal8C":{"chainKey":{"counter":0,"key":"rGsmUJM6POkEnC80OKMFvfVXJZTODMyAp5m3Krc2FaI="},"chainType":1,"messageKeys":{}}}}},"version":"v1"}