{"_sessions":{"BY8VQUnWZK20gNM2UQvno66yIfKR4v7Sb4tn0VCCP5o/":{"registrationId":58,"currentRatchet":{"ephemeralKeyPair":{"pubKey":"BZlEDlI/T9iJan4nP/ZrfymRppoIIvM5YdEUi+eIzKtE","privKey":"aLe5VQlytYSIAwCWXhhq7WyZLmU27mrR11C5F6qer28="},"lastRemoteEphemeralKey":"BQDflE59BMHV9Qca3unXQFPVs0x7DnOiNzW5JBTL81cX","previousCounter":0,"rootKey":"0lWPCa1eSQ3wZQiO+7sT3DMDJnwCxmzViwTAlKyAfNU="},"indexInfo":{"baseKey":"BY8VQUnWZK20gNM2UQvno66yIfKR4v7Sb4tn0VCCP5o/","baseKeyType":1,"closed":-1,"used":1741985123855,"created":1741985123855,"remoteIdentityKey":"BZHVrWrg/RS+cidalUO6Uq9WKIHnTqGwI6JKFeNBBO5b"},"_chains":{"BZlEDlI/T9iJan4nP/ZrfymRppoIIvM5YdEUi+eIzKtE":{"chainKey":{"counter":61,"key":"/WAIX8RHLOclD7TTIpN3NY+3lME+Q2LU93KeU2ebtXg="},"chainType":1,"messageKeys":{}}},"pendingPreKey":{"signedKeyId":1,"baseKey":"BY8VQUnWZK20gNM2UQvno66yIfKR4v7Sb4tn0VCCP5o/"}}},"version":"v1"}