{"_sessions":{"BQBQUHNj4QbzNbS998veHJ56TKdtiDdZd6bIQGXq8q01":{"registrationId":129,"currentRatchet":{"ephemeralKeyPair":{"pubKey":"BYodhowG6RK5P+KZvBtQ6yAJ7JlqVZH8sEOKzUjxkkAK","privKey":"OCaMDBNxnu7Jgj1CZH24xp5q8GU9xJ62RXwSN4ttaGg="},"lastRemoteEphemeralKey":"BXdWSzBhttaT24+EhXczcowJ8z8ZjkMH32rW/1Cd+Tkw","previousCounter":0,"rootKey":"A+f4T5C6ACI0UWM42voqvSh5zf5QLarENhEW8TOfVRA="},"indexInfo":{"baseKey":"BQBQUHNj4QbzNbS998veHJ56TKdtiDdZd6bIQGXq8q01","baseKeyType":1,"closed":-1,"used":1741985123856,"created":1741985123856,"remoteIdentityKey":"BcAJEd6KQ9UUoNpZeF8B5KfI8DWIHwVmQIqd17Bhz4xw"},"_chains":{"BYodhowG6RK5P+KZvBtQ6yAJ7JlqVZH8sEOKzUjxkkAK":{"chainKey":{"counter":61,"key":"msR1Bi6AgD8Kc817rC5r6YQbcoZO0BwiHnMkMuJV2Ok="},"chainType":1,"messageKeys":{}}},"pendingPreKey":{"signedKeyId":1,"baseKey":"BQBQUHNj4QbzNbS998veHJ56TKdtiDdZd6bIQGXq8q01"}}},"version":"v1"}